{
	"info": {
		"_postman_id": "0828af78-f1ee-4f9f-89f6-316d14a903fe",
		"name": "SGQ-Quality-Transparence",
		"schema": "https://schema.getpostman.com/json/collection/v2.1.0/collection.json"
	},
	"item": [
		{
			"name": "Notification",
			"item": [
				{
					"name": "Register a new notification",
					"request": {
						"method": "POST",
						"header": [],
						"body": {
							"mode": "raw",
							"raw": "{\n    \"incidentId\": 1,\n    \"tittle\": \"Tittle test\",\n    \"message\": \"Message test\"\n}",
							"options": {
								"raw": {
									"language": "json"
								}
							}
						},
						"url": {
							"raw": "localhost:8080/notification/api/v1/create",
							"host": [
								"localhost"
							],
							"port": "8080",
							"path": [
								"notification",
								"api",
								"v1",
								"create"
							]
						}
					},
					"response": []
				}
			]
		}
	]
}