{
	"info": {
		"_postman_id": "214537fd-5398-4762-8e12-395d8ce19f3f",
		"name": "SGQ-Compliance-API",
		"schema": "https://schema.getpostman.com/json/collection/v2.1.0/collection.json"
	},
	"item": [
		{
			"name": "List all consulting-advisories",
			"request": {
				"method": "GET",
				"header": [],
				"url": {
					"raw": "localhost:8085/consulting-advisories",
					"host": [
						"localhost"
					],
					"port": "8085",
					"path": [
						"consulting-advisories"
					]
				}
			},
			"response": []
		},
		{
			"name": "List all standard-managements",
			"request": {
				"method": "GET",
				"header": [],
				"url": {
					"raw": "localhost:8085/standard-managements",
					"host": [
						"localhost"
					],
					"port": "8085",
					"path": [
						"standard-managements"
					]
				}
			},
			"response": []
		}
	]
}