{
	"info": {
		"_postman_id": "62359b6a-0a46-48f0-82de-ea2095e6af38",
		"name": "SGQ-Quality-Compliance",
		"schema": "https://schema.getpostman.com/json/collection/v2.1.0/collection.json"
	},
	"item": [
		{
			"name": "Incidents",
			"item": [
				{
					"name": "Find Incident by id",
					"request": {
						"auth": {
							"type": "noauth"
						},
						"method": "GET",
						"header": [],
						"url": {
							"raw": "localhost:8080/compliance/api/v1/incident/1",
							"host": [
								"localhost"
							],
							"port": "8080",
							"path": [
								"compliance",
								"api",
								"v1",
								"incident",
								"1"
							]
						}
					},
					"response": []
				},
				{
					"name": "List All Incidents",
					"request": {
						"auth": {
							"type": "noauth"
						},
						"method": "GET",
						"header": [],
						"url": {
							"raw": "localhost:8080/compliance/api/v1/incidents",
							"host": [
								"localhost"
							],
							"port": "8080",
							"path": [
								"compliance",
								"api",
								"v1",
								"incidents"
							]
						}
					},
					"response": []
				},
				{
					"name": "List All Incidents by Status",
					"request": {
						"auth": {
							"type": "noauth"
						},
						"method": "GET",
						"header": [],
						"url": {
							"raw": "localhost:8080/compliance/api/v1/incidents/OPEN",
							"host": [
								"localhost"
							],
							"port": "8080",
							"path": [
								"compliance",
								"api",
								"v1",
								"incidents",
								"OPEN"
							],
							"query": [
								{
									"key": "{status}",
									"value": "OPEN",
									"disabled": true
								}
							]
						}
					},
					"response": []
				},
				{
					"name": "Register a new Incident",
					"request": {
						"auth": {
							"type": "noauth"
						},
						"method": "POST",
						"header": [],
						"body": {
							"mode": "raw",
							"raw": "{\n    \"incident\": \"Lorem Ipsum is simply dummy text of the printing and typesetting industry.\",\n    \"status\": \"OPEN\",\n    \"type\": \"DEFECT\",\n    \"place\": \"Foo street\",\n    \"demage\": \"Frontal\",\n    \"vehicleId\": 1,\n    \"nonComplianceId\": 1,\n    \"userId\": 1\n}",
							"options": {
								"raw": {
									"language": "json"
								}
							}
						},
						"url": {
							"raw": "localhost:8080/compliance/api/v1/incidents",
							"host": [
								"localhost"
							],
							"port": "8080",
							"path": [
								"compliance",
								"api",
								"v1",
								"incidents"
							]
						}
					},
					"response": []
				},
				{
					"name": "Delete an Incident by Id",
					"request": {
						"method": "DELETE",
						"header": [],
						"url": {
							"raw": "localhost:8080/compliance/api/v1/incidents/3",
							"host": [
								"localhost"
							],
							"port": "8080",
							"path": [
								"compliance",
								"api",
								"v1",
								"incidents",
								"3"
							]
						}
					},
					"response": []
				},
				{
					"name": "Delete all Incidents",
					"request": {
						"method": "DELETE",
						"header": [],
						"url": {
							"raw": "localhost:8080/compliance/api/v1/incidents",
							"host": [
								"localhost"
							],
							"port": "8080",
							"path": [
								"compliance",
								"api",
								"v1",
								"incidents"
							]
						}
					},
					"response": []
				},
				{
					"name": "Update an Incident by id",
					"request": {
						"method": "PUT",
						"header": [],
						"body": {
							"mode": "raw",
							"raw": "{\n    \"status\": \"OPEN\"\n}",
							"options": {
								"raw": {
									"language": "json"
								}
							}
						},
						"url": {
							"raw": "localhost:8080/compliance/api/v1/incidents/1",
							"host": [
								"localhost"
							],
							"port": "8080",
							"path": [
								"compliance",
								"api",
								"v1",
								"incidents",
								"1"
							]
						}
					},
					"response": []
				}
			]
		},
		{
			"name": "Non Compliances",
			"item": [
				{
					"name": "Find Non Compliance by id",
					"request": {
						"auth": {
							"type": "noauth"
						},
						"method": "GET",
						"header": [],
						"url": {
							"raw": "localhost:8080/compliance/api/v1/nonCompliance/1",
							"host": [
								"localhost"
							],
							"port": "8080",
							"path": [
								"compliance",
								"api",
								"v1",
								"nonCompliance",
								"1"
							]
						}
					},
					"response": []
				},
				{
					"name": "List All Non Compliances",
					"request": {
						"auth": {
							"type": "noauth"
						},
						"method": "GET",
						"header": [],
						"url": {
							"raw": "localhost:8080/compliance/api/v1/nonCompliances",
							"host": [
								"localhost"
							],
							"port": "8080",
							"path": [
								"compliance",
								"api",
								"v1",
								"nonCompliances"
							]
						}
					},
					"response": []
				},
				{
					"name": "List All Non Compliances by Type",
					"request": {
						"auth": {
							"type": "noauth"
						},
						"method": "GET",
						"header": [],
						"url": {
							"raw": "localhost:8080/compliance/api/v1/nonCompliances/LOW_LEVEL",
							"host": [
								"localhost"
							],
							"port": "8080",
							"path": [
								"compliance",
								"api",
								"v1",
								"nonCompliances",
								"LOW_LEVEL"
							],
							"query": [
								{
									"key": "{status}",
									"value": "OPEN",
									"disabled": true
								}
							]
						}
					},
					"response": []
				},
				{
					"name": "Register a new Non Compliance",
					"request": {
						"auth": {
							"type": "noauth"
						},
						"method": "POST",
						"header": [],
						"body": {
							"mode": "raw",
							"raw": "{\n    \"nonCompliance\": \"Lorem Ipsum is simply dummy text of the printing and typesetting industry.\",\n    \"operationalConsequence\": \"Lorem Ipsum is simply dummy text of the printing and typesetting industry.\",\n    \"type\": \"HIGH_LEVEL\"\n}",
							"options": {
								"raw": {
									"language": "json"
								}
							}
						},
						"url": {
							"raw": "localhost:8080/compliance/api/v1/nonCompliances",
							"host": [
								"localhost"
							],
							"port": "8080",
							"path": [
								"compliance",
								"api",
								"v1",
								"nonCompliances"
							]
						}
					},
					"response": []
				},
				{
					"name": "Delete an Non Compliance by Id",
					"request": {
						"method": "DELETE",
						"header": [],
						"url": {
							"raw": "localhost:8080/compliance/api/v1/nonCompliances/3",
							"host": [
								"localhost"
							],
							"port": "8080",
							"path": [
								"compliance",
								"api",
								"v1",
								"nonCompliances",
								"3"
							]
						}
					},
					"response": []
				},
				{
					"name": "Delete all Non Compliances",
					"request": {
						"method": "DELETE",
						"header": [],
						"url": {
							"raw": "localhost:8080/compliance/api/v1/nonCompliances",
							"host": [
								"localhost"
							],
							"port": "8080",
							"path": [
								"compliance",
								"api",
								"v1",
								"nonCompliances"
							]
						}
					},
					"response": []
				},
				{
					"name": "Update an Non Compliance by id",
					"request": {
						"method": "PUT",
						"header": [],
						"body": {
							"mode": "raw",
							"raw": "{\n    \"type\": \"LOW_LEVEL\"\n}",
							"options": {
								"raw": {
									"language": "json"
								}
							}
						},
						"url": {
							"raw": "localhost:8080/compliance/api/v1/nonCompliances/3",
							"host": [
								"localhost"
							],
							"port": "8080",
							"path": [
								"compliance",
								"api",
								"v1",
								"nonCompliances",
								"3"
							]
						}
					},
					"response": []
				}
			]
		},
		{
			"name": "Non Compliance Actions",
			"item": [
				{
					"name": "Find Non Compliance Action by id",
					"request": {
						"auth": {
							"type": "noauth"
						},
						"method": "GET",
						"header": [],
						"url": {
							"raw": "localhost:8080/compliance/api/v1/nonComplianceAction/1",
							"host": [
								"localhost"
							],
							"port": "8080",
							"path": [
								"compliance",
								"api",
								"v1",
								"nonComplianceAction",
								"1"
							]
						}
					},
					"response": []
				},
				{
					"name": "List All Non Compliance Actions",
					"request": {
						"auth": {
							"type": "noauth"
						},
						"method": "GET",
						"header": [],
						"url": {
							"raw": "localhost:8080/compliance/api/v1/nonComplianceActions",
							"host": [
								"localhost"
							],
							"port": "8080",
							"path": [
								"compliance",
								"api",
								"v1",
								"nonComplianceActions"
							]
						}
					},
					"response": []
				},
				{
					"name": "List All Non Compliance Actions by Status",
					"request": {
						"auth": {
							"type": "noauth"
						},
						"method": "GET",
						"header": [],
						"url": {
							"raw": "localhost:8080/compliance/api/v1/nonComplianceActions/PENDING",
							"host": [
								"localhost"
							],
							"port": "8080",
							"path": [
								"compliance",
								"api",
								"v1",
								"nonComplianceActions",
								"PENDING"
							],
							"query": [
								{
									"key": "{status}",
									"value": "OPEN",
									"disabled": true
								}
							]
						}
					},
					"response": []
				},
				{
					"name": "Register a new Non Compliance Actions",
					"request": {
						"auth": {
							"type": "noauth"
						},
						"method": "POST",
						"header": [],
						"body": {
							"mode": "raw",
							"raw": "{\n    \"immediateAction\": \"Lorem Ipsum is simply dummy text of the printing and typesetting industry.\",\n    \"followUpAction\": \"Lorem Ipsum is simply dummy text of the printing and typesetting industry.\",\n    \"status\": \"PENDING\",\n    \"dueDate\": \"2023-01-01 00:00\",\n    \"nonComplianceId\": \"1\"\n}",
							"options": {
								"raw": {
									"language": "json"
								}
							}
						},
						"url": {
							"raw": "localhost:8080/compliance/api/v1/nonComplianceActions",
							"host": [
								"localhost"
							],
							"port": "8080",
							"path": [
								"compliance",
								"api",
								"v1",
								"nonComplianceActions"
							]
						}
					},
					"response": []
				},
				{
					"name": "Delete an Non Compliance Actions by Id",
					"request": {
						"method": "DELETE",
						"header": [],
						"url": {
							"raw": "localhost:8080/compliance/api/v1/nonComplianceActions/5",
							"host": [
								"localhost"
							],
							"port": "8080",
							"path": [
								"compliance",
								"api",
								"v1",
								"nonComplianceActions",
								"5"
							]
						}
					},
					"response": []
				},
				{
					"name": "Delete all Non Compliance Actions",
					"request": {
						"method": "DELETE",
						"header": [],
						"url": {
							"raw": "localhost:8080/compliance/api/v1/nonComplianceActions",
							"host": [
								"localhost"
							],
							"port": "8080",
							"path": [
								"compliance",
								"api",
								"v1",
								"nonComplianceActions"
							]
						}
					},
					"response": []
				},
				{
					"name": "Update an Non Compliance Actions by id",
					"request": {
						"method": "PUT",
						"header": [],
						"body": {
							"mode": "raw",
							"raw": "{\n    \"type\": \"LOW_LEVEL\"\n}",
							"options": {
								"raw": {
									"language": "json"
								}
							}
						},
						"url": {
							"raw": "localhost:8080/compliance/api/v1/nonComplianceActions/3",
							"host": [
								"localhost"
							],
							"port": "8080",
							"path": [
								"compliance",
								"api",
								"v1",
								"nonComplianceActions",
								"3"
							]
						}
					},
					"response": []
				}
			]
		},
		{
			"name": "Problems",
			"item": [
				{
					"name": "Find Problem by id",
					"request": {
						"auth": {
							"type": "noauth"
						},
						"method": "GET",
						"header": [],
						"url": {
							"raw": "localhost:8080/compliance/api/v1/problem/1",
							"host": [
								"localhost"
							],
							"port": "8080",
							"path": [
								"compliance",
								"api",
								"v1",
								"problem",
								"1"
							]
						}
					},
					"response": []
				},
				{
					"name": "List All Problems",
					"request": {
						"auth": {
							"type": "noauth"
						},
						"method": "GET",
						"header": [],
						"url": {
							"raw": "localhost:8080/compliance/api/v1/problems",
							"host": [
								"localhost"
							],
							"port": "8080",
							"path": [
								"compliance",
								"api",
								"v1",
								"problems"
							]
						}
					},
					"response": []
				},
				{
					"name": "List All Problems by Type",
					"request": {
						"auth": {
							"type": "noauth"
						},
						"method": "GET",
						"header": [],
						"url": {
							"raw": "localhost:8080/compliance/api/v1/problems/DEFECT",
							"host": [
								"localhost"
							],
							"port": "8080",
							"path": [
								"compliance",
								"api",
								"v1",
								"problems",
								"DEFECT"
							],
							"query": [
								{
									"key": "{status}",
									"value": "OPEN",
									"disabled": true
								}
							]
						}
					},
					"response": []
				},
				{
					"name": "Register a new Problem",
					"request": {
						"auth": {
							"type": "noauth"
						},
						"method": "POST",
						"header": [],
						"body": {
							"mode": "raw",
							"raw": "{\n    \"problem\": \"Lorem Ipsum is simply dummy text of the printing and typesetting industry.\",\n    \"type\": \"DEFECT\",\n    \"demage\": \"Frontal\",\n    \"vehicleId\": 1,\n    \"nonComplianceId\": 1,\n    \"userId\": 1\n}",
							"options": {
								"raw": {
									"language": "json"
								}
							}
						},
						"url": {
							"raw": "localhost:8080/compliance/api/v1/problems",
							"host": [
								"localhost"
							],
							"port": "8080",
							"path": [
								"compliance",
								"api",
								"v1",
								"problems"
							]
						}
					},
					"response": []
				},
				{
					"name": "Delete an Problem by Id",
					"request": {
						"method": "DELETE",
						"header": [],
						"url": {
							"raw": "localhost:8080/compliance/api/v1/problems/3",
							"host": [
								"localhost"
							],
							"port": "8080",
							"path": [
								"compliance",
								"api",
								"v1",
								"problems",
								"3"
							]
						}
					},
					"response": []
				},
				{
					"name": "Delete all Problems",
					"request": {
						"method": "DELETE",
						"header": [],
						"url": {
							"raw": "localhost:8080/compliance/api/v1/problems",
							"host": [
								"localhost"
							],
							"port": "8080",
							"path": [
								"compliance",
								"api",
								"v1",
								"problems"
							]
						}
					},
					"response": []
				},
				{
					"name": "Update an Problem by id",
					"request": {
						"method": "PUT",
						"header": [],
						"body": {
							"mode": "raw",
							"raw": "{\n    \"type\": \"PART\"\n}",
							"options": {
								"raw": {
									"language": "json"
								}
							}
						},
						"url": {
							"raw": "localhost:8080/compliance/api/v1/problems/1",
							"host": [
								"localhost"
							],
							"port": "8080",
							"path": [
								"compliance",
								"api",
								"v1",
								"problems",
								"1"
							]
						}
					},
					"response": []
				}
			]
		}
	]
}